"Name","Website","Phone","HasMechanics"
"BMW of San Francisco","https://www.bmwsf.com","415-814-1780","Yes"
"Porsche San Francisco","https://www.porschesanfrancisco.com","415-849-4195","Yes"
"Mazda San Francisco","https://www.mazdasanfrancisco.com","877-812-0479","Yes"
"Audi San Francisco","https://www.audisanfrancisco.com","415-523-2978","Yes"
"Volvo Cars San Francisco","https://www.volvocarssf.com","415-991-7286","Yes"
"Volkswagen San Francisco","https://www.vwsanfrancisco.com","866-556-5444","Yes"
"San Francisco Toyota","https://www.sftoyota.com","415-750-8300","Yes"
"San Francisco Honda","https://www.sfhonda.com","415-830-6603","Yes"
"San Francisco Acura","https://www.sanfranciscoacura.com","415-594-0329","Yes"
"Mercedes-Benz of San Francisco","https://www.sfbenz.com","415-673-1700","Yes"
"MINI of San Francisco","https://www.minisf.com","415-529-5590","Yes"
"Land Rover San Francisco","https://www.landroversanfrancisco.com","415-776-7700","Yes"
"Jaguar San Francisco","https://www.jaguarsanfrancisco.com","415-776-7700","Yes"
"McLaren San Francisco","https://www.mclarensf.com","650-815-4470","Yes"
"Bentley San Francisco","https://www.bentleysanfrancisco.com","415-526-7333","Yes"
"Ferrari of San Francisco","https://www.ferrarisanfrancisco.com","415-526-2163","Yes"
"Lamborghini San Francisco","https://www.lamborghinisf.com","415-526-7352","Yes"
"Rolls-Royce Motor Cars San Francisco","https://www.rolls-roycemotorcarssf.com","","Yes"
"Cars Dawydiak","https://www.carsdawydiak.com","415-928-2277","No"
"Ever Cars Co.","https://www.evercarsco.com","855-742-9362","No"
"Putnam Toyota","https://www.putnamtoyota.com","650-341-5500","Yes"
"Putnam Ford of Burlingame","https://www.putnamford.com","650-340-7000","Yes"
"Putnam Mazda","https://www.putnam-mazda.com","650-558-5679","Yes"
"Putnam Buick GMC","https://www.putnamgmc.com","650-347-5777","Yes"
"Swickard Toyota 101","https://www.swickardtoyota101.com","650-365-5000","Yes"
"Towne Ford","https://www.towneford.com","650-366-5744","Yes"
"Boardwalk Volkswagen","https://www.boardwalkvolkswagen.com","650-364-0100","Yes"
"Boardwalk Nissan","https://www.boardwalknissan.com","650-364-0100","Yes"
"Land Rover Redwood City","https://www.landroverredwood.com","650-569-4777","Yes"
"Jaguar Redwood City","https://www.jaguarredwoodcity.com","650-569-4777","Yes"
"Tesla Redwood City","https://www.tesla.com/findus/location/service/redwoodcity","650-681-5000","Yes"
"Serramonte Ford","https://www.serramonteford.com","650-763-2400","Yes"
"Serramonte Volkswagen","https://www.serramontevw.com","650-755-6000","Yes"
"Honda of Serramonte","https://www.serramontehonda.com","650-873-0800","Yes"
"Serramonte Subaru","https://www.serramontesubaru.com","650-651-1900","Yes"
"Serramonte Kia","https://www.serramontekia.com","888-985-9933","Yes"
"Stewart Chevrolet of Colma","https://www.stewartcars.com","650-340-7200","Yes"
"Stewart Buick GMC","https://www.stewartbuickgmc.com","650-515-3439","Yes"
"City Toyota","https://www.citytoyota.com","650-755-5500","Yes"
"CarMax Daly City","https://www.carmax.com/stores/6078","650-758-3037","Yes"
"Toyota Marin","https://www.toyotamarin.com","415-454-7000","Yes"
"Honda of Marin","https://www.hondaofmarin.com","415-924-8990","Yes"
"Novato Ford","https://www.novato-ford.com","415-475-8158","Yes"
"Novato Chevrolet Buick GMC","https://www.novatochevrolet.com","415-892-1243","Yes"
"Marin Subaru","https://www.marinsubaru.com","415-578-7520","Yes"
"Lexus of Marin","https://www.lexusofmarin.com","415-460-1600","Yes"
"Mercedes-Benz of Marin","https://www.mbofmarin.com","415-460-6500","Yes"
"Volvo Cars Marin","https://www.volvocarsmarin.com","415-461-6000","Yes"
"Land Rover Marin","https://www.landrovermarin.com","415-460-4600","Yes"
"Audi Marin","https://www.audimarin.com","415-233-7100","Yes"
"Porsche Marin","https://www.porschemarin.com","415-526-6500","Yes"
"Novato Toyota","https://www.toyotanovato.com","415-897-3191","Yes"
"Toyota of Oakland","https://www.oaklandtoyota.com","510-420-1400","Yes"
"Honda of Oakland","https://www.hondaofoakland.com","510-420-9200","Yes"
"Nissan of Oakland","https://www.oaklandnissan.com","510-343-4000","Yes"
"Volkswagen of Oakland","https://www.coliseumvw.com","510-740-1800","Yes"
"Hyundai of Oakland","https://www.oaklandhyundai.com","510-285-9600","Yes"
"Chevrolet of Oakland","https://www.chevroletofoakland.com","510-569-2100","Yes"
"Kia of Oakland","https://www.oaklandkia.com","510-929-8800","Yes"
"Chrysler Dodge Jeep Ram of Oakland","https://www.chryslerjeepramoakland.com","510-829-1300","Yes"
"CarMax Oakland","https://www.carmax.com/stores/6042","510-618-8120","Yes"
"Berkeley Honda","https://www.berkeleyhonda.com","510-843-3704","Yes"
"McKevitt Mazda","https://www.mckevittmazda.com","510-549-2000","Yes"
"McKevitt Volvo Cars","https://www.mckevittvolvo.com","510-848-1010","Yes"
"Berkeley Subaru","https://www.berkeleysubaru.com","510-843-6000","Yes"
"Kia of Berkeley","https://www.berkeleykia.com","510-558-6900","Yes"
"Toyota of Berkeley","https://www.toyotaofberkeley.com","510-845-2530","Yes"
"McKevitt Chrysler Dodge Jeep Ram","https://www.mckevittcdjr.com","510-893-3355","Yes"
"East Bay BMW","https://www.eastbaybmw.com","925-477-9400","Yes"
"East Bay MINI","https://www.eastbaymini.com","925-463-4329","Yes"
"Acura of Pleasanton","https://www.acuraofpleasanton.com","925-575-1300","Yes"
"Audi Livermore","https://www.audilivermore.com","925-243-6100","Yes"
"Lexus of Pleasanton","https://www.lexusoflivermore.com","925-474-9200","Yes"
"Toyota of Pleasanton","https://www.pleasontoyota.com","925-462-5400","Yes"
"Honda of Pleasanton","https://www.hondapleasanton.com","925-463-1691","Yes"
"Dublin Honda","https://www.dublinhonda.com","925-828-8040","Yes"
"Dublin Chevrolet","https://www.dublinchevy.com","925-452-4800","Yes"
"Dublin Nissan","https://www.dublinnissan.com","925-829-3077","Yes"
"Dublin Mazda","https://www.dublinmazda.com","925-833-2000","Yes"
"Livermore Ford","https://www.livermoreford.net","925-273-7375","Yes"
"Livermore Toyota","https://www.livermoretoyota.com","925-724-2800","Yes"
"Hendrick Honda of Livermore","https://www.hondalivermore.com","925-243-5555","Yes"
"Livermore Chevrolet","https://www.livermorechevy.com","925-273-6700","Yes"
"Livermore Subaru","https://www.livermoresubaru.com","925-449-1900","Yes"
"BMW of Fremont","https://www.bmwfremont.com","510-224-4820","Yes"
"Mercedes-Benz of Fremont","https://www.mbofremont.com","510-623-1111","Yes"
"Audi Fremont","https://www.audifremont.com","510-403-3700","Yes"
"Fremont Toyota","https://www.magnussentoyota.com","510-657-6700","Yes"
"AutoNation Honda Fremont","https://www.autonationhondafremont.com","510-224-4801","Yes"
"Fremont Hyundai","https://www.fremonthyundai.com","510-789-0800","Yes"
"Fremont Ford","https://www.fremontford.com","510-621-3800","Yes"
"Fremont Chevrolet","https://www.fremontchevrolet.com","510-315-9450","Yes"
"Fremont Kia","https://www.fremontkia.com","510-771-1500","Yes"
"Fremont Nissan","https://www.nissanoffremont.com","510-668-8700","Yes"
"Fremont Buick GMC","https://www.fremontbuick.com","510-651-2400","Yes"
"Fremont Chrysler Dodge Jeep Ram","https://www.fremontcdjr.com","510-683-6400","Yes"
"San Leandro Honda","https://www.slhonda.com","510-347-5100","Yes"
"San Leandro Chrysler Dodge Jeep Ram","https://www.sanleandrochryslerdodgejeepram.com","510-695-5490","Yes"
"San Leandro Ford","https://www.sanleandroford.com","510-351-6200","Yes"
"San Leandro Hyundai","https://www.sanleandrohyundai.com","510-560-4750","Yes"
"San Leandro Mazda","https://www.sanleandromazda.com","510-483-6264","Yes"
"Hayward Toyota","https://www.haywardtoyota.com","510-400-9999","Yes"
"Hayward Nissan","https://www.haywardnissan.com","510-780-0600","Yes"
"Hayward Chevrolet","https://www.chevroletofhayward.com","510-999-4400","Yes"
"Hayward Kia","https://www.haywardkia.com","510-777-9600","Yes"
"Hayward Mitsubishi","https://www.haywardmitsubishi.com","510-888-1111","Yes"
"Capitol Ford","https://www.capitolfordsj.com","408-265-6000","Yes"
"Capitol Honda","https://www.capitolhonda.com","408-445-2400","Yes"
"Capitol Toyota","https://www.captoyota.com","408-267-0500","Yes"
"Capitol Mazda","https://www.capitolmazda.com","408-723-9550","Yes"
"Capitol Hyundai","https://www.capitolhyundai.com","408-445-4770","Yes"
"Capitol Kia","https://www.capitolkia.com","408-526-1800","Yes"
"Capitol Subaru","https://www.capitolsubaru.com","408-723-1300","Yes"
"Capitol Buick GMC","https://www.capitolbuickgmc.com","408-445-8860","Yes"
"Capitol Volkswagen","https://www.capitolvolkswagen.com","408-979-3160","Yes"
"Stevens Creek Toyota","https://www.stevenscreektoyota.com","408-984-1234","Yes"
"Stevens Creek Honda","https://www.stevenscreekhonda.com","408-981-9900","Yes"
"Stevens Creek Nissan","https://www.stevenscreeknissan.com","408-983-5900","Yes"
"BMW of Stevens Creek","https://www.bmwofstevenscreek.com","408-446-2000","Yes"
"Stevens Creek Ford","https://www.stevenscreekford.com","408-245-6131","Yes"
"Stevens Creek Kia","https://www.stevenscreekkia.com","408-533-1500","Yes"
"Stevens Creek Subaru","https://www.stevenscreeksubaru.com","408-983-6266","Yes"
"Stevens Creek Volkswagen","https://www.stevenscreekvw.com","408-260-9300","Yes"
"Lexus of Stevens Creek","https://www.lexusstevenscreek.com","408-990-6000","Yes"
"Stevens Creek Hyundai","https://www.stevenscreekhyundai.com","408-530-1000","Yes"
"Stevens Creek Acura","https://www.stevenscreekacura.com","408-522-7200","Yes"
"Stevens Creek Mitsubishi","https://www.stevenscreekmitsubishi.com","408-249-9700","Yes"
"Genesis of Stevens Creek","https://www.genesisofstevenscreek.com","408-977-1840","Yes"
"Stevens Creek Chevrolet","https://www.stevenscreekchevrolet.com","408-249-5500","Yes"
"Nissan Sunnyvale","https://www.nissansunnyvale.com","408-470-4150","Yes"
"Sunnyvale Ford","https://www.sunnyvaleford.com","408-990-3000","Yes"
"Mazda Sunnyvale","https://www.sunnyvalemazda.com","408-738-2824","Yes"
"Hyundai Sunnyvale","https://www.sunnyvalehyundai.com","408-732-7200","Yes"
"Volkswagen Sunnyvale","https://www.sunnyvalevw.com","408-739-9000","Yes"
"Toyota Sunnyvale","https://www.toyotasunnyvale.com","408-245-6646","Yes"
"Honda Sunnyvale","https://www.hondasunnyvale.com","408-988-1234","Yes"
"BMW of Mountain View","https://www.bmwmountainview.com","650-200-0149","Yes"
"Volvo Cars Palo Alto","https://www.volvocarspaloalto.com","650-493-2000","Yes"
"Anderson Honda","https://www.andersonhonda.com","650-493-4900","Yes"
"Lexus of Palo Alto","https://www.lexuspaloalto.com","650-812-5300","Yes"
"Magnussen's Toyota of Palo Alto","https://www.magnussenstoyotapaloalto.com","650-494-2100","Yes"
"Tesla Palo Alto","https://www.tesla.com/findus/location/store/paloalto","650-681-5000","Yes"
"Maserati of Santa Clara","https://www.maseratifosantaclara.com","408-540-5800","Yes"
"Alfa Romeo of Santa Clara","https://www.alfaromeosantaclara.com","408-984-2000","Yes"
"Fiat of Santa Clara","https://www.fiatofsantaclara.com","408-241-5222","Yes"
"Polestar San Jose","https://www.polestar.com/us/spaces/san-jose","","Yes"
"Gilroy Toyota","https://www.gilroytoyota.com","408-656-2222","Yes"
"Gilroy Honda","https://www.gilroyhonda.com","408-842-8244","Yes"
"Gilroy Buick GMC","https://www.gilroybuickgmc.com","408-842-5300","Yes"
"Gilroy Nissan","https://www.gilroynissan.com","408-842-1777","Yes"
"Gilroy Chevrolet","https://www.gilroychevy.com","408-842-8201","Yes"
"Gilroy Chrysler Dodge Jeep Ram","https://www.gilroycdjr.com","408-842-8244","Yes"
"Gilroy Ford","https://www.gilroyford.com","408-840-7221","Yes"
"The Ford Store Morgan Hill","https://www.fordmorganhill.com","408-779-5000","Yes"
"Morgan Hill Chrysler Dodge Jeep Ram","https://www.morganhillcdjr.com","408-842-8244","Yes"
"Morgan Hill Nissan","https://www.morganhillnissan.com","408-782-6000","Yes"
"Concord Toyota","https://www.concordtoyota.com","925-682-8233","Yes"
"Concord Honda","https://www.concordhonda.com","925-682-5140","Yes"
"Concord Chevrolet","https://www.concordchevrolet.com","925-682-6400","Yes"
"Concord Mazda","https://www.concordmazda.com","925-676-6700","Yes"
"Concord Kia","https://www.concordkia.com","925-676-8375","Yes"
"Concord Hyundai","https://www.concordhyundai.com","925-969-3400","Yes"
"BMW of Concord","https://www.bmwofconcord.com","925-682-7600","Yes"
"Concord Mitsubishi","https://www.concordmitsubishi.com","925-676-2200","Yes"
"Concord Buick GMC","https://www.concordbuickgmc.com","925-676-4400","Yes"
"Diablo Subaru of Walnut Creek","https://www.diablosubaru.com","925-937-6903","Yes"
"Walnut Creek Honda","https://www.walnutcreekhonda.com","925-934-6600","Yes"
"Walnut Creek Chrysler Dodge Jeep Ram","https://www.stuarthampshirecdjr.com","925-937-0900","Yes"
"Toyota Vacaville","https://www.toyotavacaville.com","707-446-7000","Yes"
"Vacaville Honda","https://www.vacavillehonda.com","707-449-1234","Yes"
"Vacaville Nissan","https://www.vacavillenissan.com","707-999-9999","Yes"
"Vacaville Buick GMC","https://www.vacavillebuickgmc.com","707-999-9999","Yes"
"Hanlees Hilltop Toyota","https://www.hanlees.net","510-243-2020","Yes"
"Hanlees Hilltop Honda","https://www.hanlees.net","510-243-6200","Yes"
"Hanlees Hilltop Hyundai","https://www.hanlees.net","510-243-6000","Yes"
"Toyota of Fairfield","https://www.toyotafairfield.com","707-402-0000","Yes"
"Honda of Fairfield","https://www.hondafairfield.com","707-416-5500","Yes"
"Ford Fairfield","https://www.fairfieldford.com","707-422-3300","Yes"
"BMW of Fairfield","https://www.bmwoffairfield.com","707-344-3999","Yes"
"Fairfield Volkswagen","https://www.fairfieldvw.com","707-639-5000","Yes"
"CarMax Fairfield","https://www.carmax.com/stores/7293","707-435-0164","Yes"
