name,address,website,email
4D Systems LLC,4130 Market Place 48507-3205 Flint United States of America,http://4dsysco.com/,
"AAP Automation, LLC",2901 South Tejon Street 80110-1345 Englewood United States of America,https://www.aapautomation.com/,
"ABCO Automation, Inc.",6202 Technology Dr 27214-9702 Browns Summit United States of America,http://www.goabco.com/,
"Acieta, LLC",2906 21st Avenue 51501-7059 Council Bluffs United States of America,http://acieta.com/,
"Advanced Industrial Controls, Inc.",417 West Broadway 62288 Steeleville United States of America,https://advancedindustrialcontrols.com/,
"Alpha Integration, LLC",249 Mason Rd 37086-3212 La Vergne United States of America,https://toolingtechgroup.com/companies/alpha-integration/,
Arburg Inc,644 West St 06067-3414 Rocky Hill United States of America,http://www.arburg.com/,
Ascent Aerospace Holdings LLC,16445 23 Mile Road 48042-4005 Macomb United States of America,http://www.ascentaerospace.com/,
Automated Motion Inc.,1207A Belmar Dr 21017-1206 Belcamp United States of America,http://www.ami-rs.com/,
Automation Robotics and Controls,16585 Plant Rd 35044 Childersburg United States of America,http://arcsoutheast.com/home/contact-us/,
Automation Tool Company ATC Automation,101 Mill Drive 38501-2174 Cookeville United States of America,http://www.atcautomation.com/,
Autotec Corporation,6155 Brent Dr 43611-1083 Toledo United States of America,http://www.autotecinc.com/,
"Autotool, Inc.",7875 Corporate Blvd 43064-8045 Plain City United States of America,http://www.autotoolinc.com/,
"BACA Systems, LLC",101 Premier Dr 48359 Orion Charter Township United States of America,https://www.bacasystems.com/,
"BG Automation, LLC",300 N River St 67037-1500 Derby United States of America,https://www.bg-ia.com/,
"BG Products, Inc.",300 N River St 67037-1500 Derby United States of America,http://www.bgprod.com/,
"BW Integrated Systems, LLC BW Container Systems",1305 Lakeview Drive 60446-3900 Romeoville United States of America,http://www.bwpackagingsystems.com/,
"Barry-Wehmiller Design Group, Inc.",8027 Forsyth Blvd Ste 800 63105-1706 Saint Louis United States of America,https://www.bwdesigngroup.com/our-company/our-locations,
"Blue Onyx Systems, LLC",5125 S. Towne Drive 53151-7955 New Berlin United States of America,https://www.vikingmasekrobotics.com/,
Bright IIOT LLC,9800 Hillwood Parkway Suite 140 76244 Fort Worth United States of America,https://brightiatx.com/contact-us/,
CALVARY ROBOTICS INC.,855 Publishers Pkwy 14580-2587 Webster United States of America,http://www.calvaryrobotics.com/,
"Camtech Manufacturing Solutions, LLC",190 East Frog Hollow Road 42553-9467 Science Hill United States of America,http://www.camtechengineering.com/contact-us/,
"Capital Recovery Group Technologies, LLC - CRG Technologies",1700 Watterson Trail 40299-2430 Louisville United States of America,http://www.crgtechnologies.com/,
"Century Tool & Gage, LLC",200 South Alloy Drive 48430-1704 Fenton United States of America,https://toolingtechgroup.com/,
Contoro Inc.,"2601 McHale Court, Ste 160 78758-4493 Austin United States of America",https://www.contoro.com/,
Control Automation Group LLC,222 Metro Center Blvd Suite 3 02886 Warwick United States of America,http://www.cag-ri.com/,
"Convergix West Michigan, LLC - Convergix Automation Solutions",9850 Red Arrow Hwy 49106-9000 Bridgman United States of America,http://eagletechnologies.com/,
DRM LLC,520 Crews Street 38464 Lawrenceburg United States of America,http://www.drmcontrols.com/,
"Delta Sigma, LLC - Delta Sigma Company","2125 Barrett Park Dr NW, Ste 110 30144-3613 Kennesaw United States of America",https://www.deltasigmacompany.com/,
"Dyco, Inc.",50 Naus Way 17815-8784 Bloomsburg United States of America,http://www.dyco-inc.com/,
"Electroimpact, Inc.",4413 Chennault Beach Rd 98275-5048 Mukilteo United States of America,https://www.electroimpact.com/,
"Elevation Packaging & Equipment, Inc",836 Highway 6 68003-2250 Ashland United States of America,https://www.elevationpkg.com/,
Engel Machinery Inc.,"3740 Board Road, Rd 5 17406 York United States of America",http://www.engelglobal.com/,
"Factory Automation Systems, Inc.",5139 Southridge Parkway 30349-5999 Atlanta United States of America,http://www.factoryautomation.com/,
Farason Corporation,"855 Fox Chase, Ste 102 19320-1895 Coatesville United States of America",http://www.farason.com/,
Focus Integration Inc,6061 Commerce Drive 48185-7614 Westland United States of America,http://www.focusintegration.com/,
Genesis Systems IPG Photonics,8900 N Harrison Street 52806-7323 Davenport United States of America,http://genesis-systems.com/,
"Gladwin Machinery & Supply, Inc.",636 E State Pkwy 60173-4533 Schaumburg United States of America,http://www.gladwinmachinery.com/,
"HAHN Automation Group of Kentucky, Inc.",3012 Kustom Drive 41048-8163 Hebron United States of America,http://www.hahnautomation.com/,
"HAHN Automation Group of Ohio, Inc.",10909 Industry Lane 45342-0818 Miamisburg United States of America,http://www.invotec.com/,
"HAHN Automation Group of South Carolina, Inc",1240 Veterans Rd 29209-3754 Columbia United States of America,http://www.hahnautomation.group/,
"Hyperion Automation, Incorporated","72 W 64th St, Ste 140 49423-9410 Holland United States of America",http://hyperionautomation.com/,
"IDI Johnson Automation, LLC",3212 Kennedy Rd 53545-0227 Janesville United States of America,https://johnsonautomationsolutions.com/,
IMG-NA LLC,1953 Concept Drive 48091 Warren United States of America,http://img-na.com/,
"IPTE, LLC",6245 Shiloh Rd Ste B 30005-2205 Alpharetta United States of America,http://www.ipte.com/,
"InSituTec, Inc. - IST Precision",207 Byers Creek Rd Ste D 28117-6987 Mooresville United States of America,https://www.istprecision.com/contact/,
"Industrial Controls & Automation, Inc.","400 N Forsythe St, Area 2 46131 Franklin United States of America",https://www.icacontrol.com/,
Industry Training Solutions LLC,177 Green Glades 39157-8661 Ridgeland United States of America,https://industrial-training-solutions.com/,
"Integrated Packaging Machinery, LLC",801 Fox Row Ct NE 49341-7244 Rockford United States of America,http://www.callipm.com/,
"Interactive Design, Inc.",7905 Nieman Rd 66214-1565 Overland Park United States of America,http://www.interactivedesign.com/,
"Invio Automation, Inc.",2440 Fernbrook Ln N Ste 100 55447-4748 Plymouth United States of America,https://www.invioautomation.com/,
"Invio Automation, Inc.",3450 N 4th Street 47265 North Vernon United States of America,http://www.invioautomation.com/,
"KC Robotics, Inc.",9000 Le Saint Drive 45014-2241 West Chester United States of America,http://www.kcrobotics.com/,
"Koops, Inc. Koops Automation Systems-Newcor",987 Production Ct 49423-9219 Holland United States of America,http://www.koops.com/,
"Linear Solutions, Inc.",500 Pointe South Drive 27317-9503 Randleman United States of America,http://www.lsi-nc.com/,
Lorik Tool Incorporated,2003 Liberty Ave 38464-4604 Lawrenceburg United States of America,http://www.lorik.us/,
Manchester Tool and Die Inc,601 S. Wabash Rd PO Box 326 46962-8148 North Manchester United States of America,http://www.manchestertoolanddie.com/,
"Manufacturing Technology, Inc.",1702 W Washington St 46628-2061 South Bend United States of America,http://www.mtiwelding.com/,
Melton Machine and Control Company,901 Melton Drive 63090-1096 Washington United States of America,https://meltonmachine.com/,
"Midwest Engineered Systems, Inc.",W238N1800 Rockwood Dr 53188-1113 Waukesha United States of America,http://www.mwes.com/kuka,
Motorized Precision LLC,17825 Southeast 82nd Drive 97015 Gladstone United States of America,http://motorizedprecision.com/,
Mujin Corp.,7250 McGinnis Ferry Road 30024-1245 Suwanee United States of America,https://mujin-corp.com/contact/,
"Newton Liquidations, LLC - Bulldog Factory Service",25880 Commerce Dr 48071-4151 Madison Heights United States of America,https://bulldogfactory.com/,
OTC Industrial Technologies,1900 Jetway Blvd 43219-1681 Columbus United States of America,http://www.aircompressors.com/,
One-Off Robotics,100 Cherokee Boulevard Suite 328 37405 Chattanooga United States of America,https://oneoffrobotics.com/contact/,
"Orbital Composites, Inc.",480 Vandell Way 95008-6908 Campbell United States of America,https://www.orbitalcomposites.com/,
"Powerbuilt Material Handling Solutions, LLC",2250 South Main Street 43311-7560 Bellefontaine United States of America,http://www.powerbuilt.net/,
Process Control & Engineering LLC.,3538 North Romero Road STE 118 85705-5276 Tucson United States of America,https://www.pcandengineering.com/,
"Progressive Machine & Design, LLC",727 Rowley Rd 14564-9728 Victor United States of America,http://www.pmdautomation.com/,
"PushCorp, Inc.",3001 W Kingsley Rd 75041-2314 Garland United States of America,http://www.pushcorp.com/,
"Repkon USA Holdings, Inc.","4301 W Boy Scout Blvd, Ste 400 33607-5712 Tampa United States of America",https://www.repkon-usa.com/,
"Robotic Solutions, Inc.",1701-9 Pearl St 53186-5600 Waukesha United States of America,http://www.roboticsolutionsinc.com/,
"Robotic Solutions, LLC",1110 Vine St 47546-2946 Jasper United States of America,https://roboticsolutions.net/,
"Sisu Devices, LLC",1520 Royston Lane 78664-9553 Round Rock United States of America,http://www.sisudevices.com/,
"Steelcrest Precision, Inc.",995 Enterprise Avenue 43567-9333 Wauseon United States of America,http://wauseonmachine.com/,
"T.S. Enterprise Associates, LLC",44800 Helm St 48170-6026 Plymouth United States of America,http://www.atctrain.com/,
Toddco 3 Incorporated,"27574 Commerce Center Dr, STE 134 92590-2535 Temecula United States of America",http://www.toddco.com/,
Torfresma USA LLC,14840 W 107th St 66215 Lenexa United States of America,http://torfresma.com/,
Transfluid Tube Processing Machinery Inc.,17 Carlisle Drive 29681-6100 Simpsonville United States of America,http://http//www.transfluid-us.com,
"Tri-State Equipment Company, Inc. - Ergonomic Partners",4000 Fee Fee Rd 63044-2708 Bridgeton United States of America,http://www.ergonomicpartners.com/,
VC Automation Inc.,1285 Triangle Ct 95605-2786 West Sacramento United States of America,https://www.vcautomation.com/,
"Valtrek Group, LLC",3523 Confederate Rd 79936-1402 El Paso United States of America,http://www.valtrek.com/,
