name,address
4D Systems,
"ACRO Automation Systems, Inc.",
ADF Welding & Medical,
AMD Machines,
Air Engineering and Supply,
Align Production Systems,
All Tech Engineering,
Alliance Automation,"(Van Wert, OH)"
"Alliance Automation, LLC","(Flint, MI)"
Alliance Industrial Corp.,
Alpha Educational & Technological Solutions,
Ambi Robotics,
American Welding & Gas,
Amtec Solutions Group,
Armo Tool,
AutoPak Engineering Corporation,
Autobotics Inc.,
Automated Machine Systems,
"Automated Manufacturing Solutions, Inc.",
"Automated Motion, Inc.",
Automation & Control Services,
Automation Industrial Group,
Automation Tool Company,
"BCS Motion, Inc.",
BHS Robotics,(Chicago Electric)
BOS Innovations Inc.,
Backdraft MFG,
Barrie Welding & Machine,
"Buckeye Machine Fabricators, Inc.",
Bunker Automation,
CRG Automation,
Cadence Automation,
CapSen Robotics,
Capital Robotics,
Cenit North America,
Century Automation,
Chism Automation,
Cognex,
Comact,formerly BID Group
Custom Metal Designs Inc.,
Daifuku-Wynright,
DePeuter Packaging Solutions,
"Dynamic Robotics, Inc.",
EWAB Engenharia Ltda.,
Eagle Technologies,
Eagle Vision + Automation,
EandM,
Electro-Matic,
Fizyr,
"GennFlex, Inc.",
Genuine Cable Group,(C&E Advanced Technologies)
Gleason,
"HMC Products, Inc.",
Hitachi Automation Ohio,
Honeywell Intelligrated,
IAS Corporation,
"IAS, Inc.",
ICON Automation LLC,
Innovation Tech LLC,
Innovative Automation Inc.,
Intelitek,
Invio Automation,formerly Eckhart
Isthmus Engineering & Manufacturing,
J+H Automation Solutions,
JBH Technologies,
JR Automation Technologies,
KC Robotics,
KEYENCE,
Kiser Controls Co.,
Linear Automation Inc.,
Mach Machines LLC,
Matheson Tri-gas,
Matrix Technologies,
Mechatronic Solutions,
Mecsmart Systems,
Melton Machine & Control Co.,
Mesh Automation,
Method Tool Limited,
Method Tool Limited - Canada,
Mission Design & Automation,
Mississippi Welders Supply,
Motion AI,formerly Applied Motion Systems
Mujin,
Neff Power - Genuine Cable Group,
OKsystem,
OTTO Motors,
OnRobot,
Pacline Overhead Conveyors,
Path Robotics,
Pilz Automation Safety,
Plus One Robotics,
Precision Zone Inc.,
"Proco Machinery, Inc.",
"Production Automation, Inc.",
"Production Control Units, Inc.",
"Progress Engineering, LLC",
Promation,
RAE Industrial Electronics,
RES Automatisation Contrôle,
"ROI Machinery & Automation, Inc.",
RT Engineering Corp.,
RightHand Robotics,
RoboTape,
Robotic Automation,
Robotiq,
S&R Robot Systems,
SICK USA,
SMC,
Schmalz,
Schunk,
Shelley Automation,
"South Shore Controls, Inc.",
Southeastern Technology Automation,
Southern Educational Systems,
Spray Equipment & Service Center,
"Sprimag, Inc.",
"Stryver Manufacturing, Inc.",
Sussex Tool and Supply,
Systematix Inc.,
"TOA SE, Inc.",
"Taylor-Winfield Technologies, Inc.",
"Techmaster, Inc.",
"Technology Education Concepts, Inc.",
The Pentier Group,
Thompson Solutions Group,
"Training Consultants, Inc.",
TranTek Automation Corp.,
Universal Logic,
Universal Tool & Engineering,
Vention,
Versatech,
Vital Manufacturing Inc,
"WARDjet, Inc.",
Wandelbots,
"Warsaw Machinery, Inc.",
"Weld Systems Integrators, Inc.",
Wet Technologies,
Whalen Automation & Integration,
Yaskawa Engineered Systems Group,
Zimmer,
"dmac automation, ltd.",
i-Cubed,
nVenia,
